term,reason
Set,generic word not a brand
Portable,generic adjective
Masks,generic product category word
Mindset,generic abstract word
General,generic word
Titanium,material name not a brand
W,single letter not distinctive
Feelings,generic abstract word
Empty,generic word / listing-status placeholder
L1,ambiguous short code
GP,ambiguous short code
Royal Blue,color name not a brand
Wicking,generic fabric-property adjective
Plant Pot,generic product description
View,generic word
Specs,generic word
Devops,generic industry term not a brand
REP,ambiguous short acronym
Restricted,generic status word
Spiral,generic shape word
Oxford,generic place/academic term
Improvements,generic abstract word
Knot,generic word
Thrill,generic abstract word
Yves,truncated fragment not a standalone brand
Graphite,material name not a brand
Scandinavian,style descriptor not a brand
Afghan,style/textile descriptor not a brand
Crimson,color name not a brand
Diana,generic personal name
Marsha,generic personal name
Robby,generic personal name
Blake,generic personal name
Nation,generic word
Personal Care,generic category descriptor
Not Appliable,placeholder / typo for not applicable
Not Sure,placeholder
