category_id,category_name,parent_category
C001,Mobile Phone Accessories,
C002,Garden Tools,
C003,Menswear,
C004,Makeup,
C005,Baby Travel Gear,
C006,Baby Care & Health,
C007,Women's Underwear,
C008,Car Electronics,
C009,Desktop & Laptop Components,
C010,Baby Furniture,
C011,Clothes Accessories,
C012,Fish & Aquatic Supplies,
C013,Motorcycle Parts,
C014,Dog & Cat Litter,
C015,Security & Safety,
C016,Lifestyle & Hobbies,
C017,"Swimwear, Surfwear & Wetsuits",
C018,Personal Care Appliances,
C019,Lawn Games,
C020,Home Furniture,
C021,Ball Sports,
C022,Commercial Furniture,
C023,Men's Sleepwear & Loungewear,
C024,Natural Crystal,
C025,Dressmaking Fabrics,
C026,Magazines & Newspapers,
C027,Artificial Gemstones,
C028,Feminine Care,
C029,Humanities & Social Sciences,
C030,Snacks,
C031,Womenswear,
C032,Measuring Tools,
C033,Kids' Fashion Accessories,
C034,Computer Accessories,
C035,Gold,
C036,Women's Islamic Clothing,
C037,Lights & Lighting,
C038,Reptile & Amphibian Supplies,
C039,Hand Tools,
C040,Children's & Infants' Books,
C041,Educational Toys,
C042,Bathroom Fixtures,
C043,Milk & Dairy,
C044,Luggage & Travel,
C045,Children's Furniture,
C046,Kitchen Fixtures,
C047,Phones & Tablets,
C048,Nursing & Feeding,
C049,Universal Accessories,
C050,Hardware,
C051,Sports Footwear,
C052,Women's Dresses,
C053,Car Exterior Accessories,
C054,Solar & Wind Power,
C055,Pearl,
C056,Data Storage & Software,
C057,Hair Accessories,
C058,Men's Special Occasion Clothing,
C059,Men's Suits & Sets,
C060,Dog & Cat Food,
C061,Car Repair Tools,
C062,Classic & Novelty Toys,
C063,Home Appliances,
C064,Outerwear,
C065,Network Components,
C066,Bedding and Linens,
C067,Luggage & Travel Bags,
C068,Barbecue,
C069,Watches,
C070,Eye & Ear Care,
C071,Baby Safety,
C072,Winter Sports,
C073,Fresh & Frozen Food,
C074,Bird Supplies,
C075,Office Stationery & Supplies,
C076,Sport & Outdoor Clothing,
C077,Men's Shoes,
C078,Dog & Cat Clothing,
C079,Men's Tops,
C080,Education Devices,
C081,Household Textiles,
C082,OTC Medications & Treatments,
C083,"Platinum, Carat Gold",
C084,Alternative Medications & Treatments,
C085,Baby Toys,
C086,Fashion Watches & Accessories,
C087,Indoor Furniture,
C088,Fragrance,
C089,Pre-Loved Luggage & Bags,
C090,DIY,
C091,Women's Bottoms,
C092,Umroh Equipment,
C093,Diamond,
C094,Maternity Supplies,
C095,Girls' Clothes,
C096,Trading Cards & Accessories,
C097,"Ruby, Sapphire & Emerald",
C098,Jade,
C099,Girls' Footwear,
C100,Mobile connectivity,
C101,Dog & Cat Furniture,
C102,Bathroom Supplies,
C103,Miscellaneous Home,
C104,Costume Jewelry & Accessories,
C105,Women's Suits & Sets,
C106,Bag Accessories,
C107,Women's Special Clothing,
C108,Office Equipment,
C109,Refurbished Electronics,
C110,Footwear,
C111,Audio & Video,
C112,Collectible Trading Cards,
C113,Power Tools,
C114,Functional Bags,
C115,Kitchen Knives,
C116,"Beer, Wine & Spirits",
C117,Musical Instruments & Accessories,
C118,Water Sports,
C119,Dog & Cat Grooming,
C120,Bath & Body Care,
C121,Men's Bags,
C122,Science & Technology,
C123,Sports & Outdoor Play,
C124,Women's Bags,
C125,Electric & Remote Control Toys,
C126,Boys' Footwear,
C127,Lucky Draw,
C128,Small Animal Supplies,
C129,Staples & Cooking Essentials,
C130,Car Interior Accessories,
C131,Home Decor,
C132,Smart Home Systems,
C133,Refurbished Phones & Electronics,
C134,Laundry Tools & Accessories,
C135,Fabrics & Sewing Supplies,
C136,Sports & Outdoor Accessories,
C137,Bar & Wine Utensils,
C138,Dog & Cat Accessories,
C139,Fashion Accessories,
C140,Entertainment,
C141,Farm Animal & Poultry Supplies,
C142,Women's Tops,
C143,Men's Bottoms,
C144,Silver,
C145,"Quads, Motorhomes & Boats",
C146,Dolls & Stuffed Toys,
C147,Car Lights,
C148,Special Personal Care,
C149,Outdoor Furniture,
C150,Drinkware,
C151,Auto Test Category L2 Leaf 002,
C152,Education & Schooling,
C153,Haircare & Styling,
C154,Shoe Accessories,
C155,Hijabs,
C156,Hair Extensions & Wigs,
C157,Fine Jewelry,
C158,Nasal & Oral Care,
C159,Pumps & Plumbing,
C160,Gaming & Consoles,
C161,Literature & Art,
C162,Home Organizers,
C163,Pantry Food,
C164,Bakeware,
C165,Software,
C166,Fan Shop,
C167,Medical Supplies,
C168,Prayer Attire & Equipment,
C169,Nutrition & Wellness,
C170,Kitchen Appliances,
C171,Festive & Party Supplies,
C172,Dog & Cat Healthcare,
C173,Tea & Coffeeware,
C174,Games & Puzzles,
C175,Boys' Clothes,
C176,Large Home Appliances,
C177,Building Supplies,
C178,Men's Care,
C179,Car Washing & Maintenance,
C180,Garden Supplies,
C181,Amber,
C182,Drinks,
C183,Islamic Sportswear,
C184,Women's Sleepwear & Loungewear,
C185,Camping & Hiking,
C186,Islamic Accessories,
C187,Men's Underwear & Socks,
C188,Tool Organizers,
C189,Cultural Items,
C190,Sports Collectibles,
C191,Electrical Equipment & Supplies,
C192,"Desktop Computers, Laptops & Tablets",
C193,Men's Islamic Clothing,
C194,Baby Clothing & Shoes,
C195,Sexual Wellness,
C196,Motorcycle Accessories,
C197,Cutlery & Tableware,
C198,Tablet & Computer Accessories,
C199,Cookware,
C200,Commercial Appliances,
C201,Skincare,
C202,Leisure & Outdoor Recreation Equipment,
C203,Cameras & Photography,
C204,Auto Replacement Parts,
C205,Non-natural Crystal,
C206,Collectible Coins & Money,
C207,Home Care Supplies,
C208,Video & Music,
C209,Baby Fashion Accessories,
C210,Kitchen Utensils & Gadgets,
C211,Baking,
C212,Smart & Wearable Devices,
C213,Kids' Islamic Clothing,
C214,Economics & Management,
C215,Women's Shoes,
C216,Fitness,
C217,Wedding Accessories,
C218,Soldering Equipment,
C219,Mellite,
C220,Nail Care,
C221,Eyewear,
C222,eGift Cards,
C223,Auto Test Category L2 001,
C224,Hand & Foot Care,
C225,Semiprecious Stones,
